{"model_type": "zscore_anomaly_detector", "generated_at": 1771957772, "training_window_size": 50, "features": {"sensor-002::humidity": {"mean": 44.447999999999986, "stddev": 21.699268374763236, "samples": 50, "n_sigma": 3.0}, "sensor-001::temperature": {"mean": -1.8684000000000003, "stddev": 5.844181845220082, "samples": 50, "n_sigma": 3.0}, "sensor-003::pressure": {"mean": 1008.6648000000001, "stddev": 6.003193563429382, "samples": 50, "n_sigma": 3.0}}}